anomalia_red,malware_detectado,num_hosts_afectados,tipo_evento_cod,bytes_exfiltrados,duracion_seg,privilegios_elevados,severity
0,1,1,1,6118447.0,51330.0,0,2
0,0,28,2,5964450.0,40380.0,0,1
0,0,37,0,2214193.0,21156.0,1,2
0,0,27,2,7922708.0,24258.0,1,2
1,0,19,3,6917489.0,64426.0,0,2
0,0,41,0,7530732.0,6032.0,0,1
1,1,19,1,4678538.0,7300.0,1,3
0,0,35,2,8925414.0,34272.0,1,2
0,0,23,2,3898580.0,66909.0,0,1
0,0,2,2,8057726.0,56768.0,1,1
1,0,26,2,2035292.0,50975.0,0,2
0,0,3,2,2472670.0,46149.0,0,1
0,0,46,2,5267448.0,9569.0,0,1
0,0,30,0,5558774.0,28667.0,1,2
0,0,19,3,7462159.0,6870.0,0,1
0,1,24,1,2974119.0,65505.0,0,2
0,0,31,0,8726504.0,64872.0,0,1
0,0,13,1,3297853.0,22300.0,0,1
0,1,15,1,5341833.0,25310.0,1,3
0,1,21,0,9319443.0,27428.0,0,2
0,0,13,3,5394018.0,76835.0,0,1
0,0,38,0,6818959.0,42209.0,1,2
0,0,6,1,9086247.0,65843.0,1,1
0,0,41,1,9745904.0,38779.0,0,1
0,0,18,3,4994071.0,60323.0,1,2
0,0,28,2,4169125.0,45647.0,1,2
0,0,8,3,1969307.0,24072.0,1,1
0,0,19,0,5374375.0,75712.0,1,2
0,0,37,3,9183384.0,61253.0,1,2
0,0,14,3,4871154.0,66471.0,0,1
0,0,7,1,3484779.0,81920.0,0,1
0,0,26,2,1072870.0,21494.0,0,1
0,1,8,0,2367019.0,7911.0,0,2
0,0,16,3,9767138.0,50308.0,1,2
1,0,23,3,5276363.0,28181.0,0,2
0,0,28,1,1369868.0,37651.0,0,1
0,0,32,2,673743.0,20276.0,1,1
0,1,34,1,8507434.0,34428.0,1,3
0,0,42,0,9314619.0,33977.0,1,2
0,0,4,2,7630034.0,30288.0,0,1
0,0,18,2,1238436.0,64137.0,0,1
0,0,1,3,982854.0,51205.0,1,1
0,0,1,3,1979807.0,40975.0,0,1
0,0,11,1,7511364.0,9739.0,0,1
0,0,30,3,7653212.0,49311.0,1,2
1,0,44,2,8378479.0,15122.0,0,2
0,0,38,2,969345.0,27143.0,1,1
0,1,32,2,1532135.0,35848.0,0,2
0,1,39,3,9002780.0,12208.0,1,3
0,0,9,2,9287443.0,33652.0,1,1
0,0,42,0,7257009.0,23063.0,1,2
0,0,44,0,1060382.0,73419.0,0,1
0,0,5,1,686208.0,74276.0,1,1
0,0,24,2,555870.0,395.0,1,1
0,0,41,2,6918470.0,52049.0,1,2
0,1,24,1,8459670.0,55343.0,0,2
0,0,42,2,6316285.0,32658.0,0,1
0,0,46,3,2621023.0,40532.0,0,1
0,0,24,1,7573494.0,68248.0,0,1
0,0,3,1,591301.0,32656.0,1,1
0,0,17,2,8281978.0,5570.0,1,2
0,0,11,1,8918831.0,32185.0,1,2
0,0,24,3,7183505.0,21936.0,1,2
0,0,29,3,8792643.0,33067.0,1,2
0,0,23,2,5861762.0,19881.0,0,1
0,0,10,1,4683645.0,12949.0,0,1
0,0,15,2,3224633.0,85135.0,1,2
0,0,34,0,9217091.0,11134.0,0,1
0,1,2,1,6972736.0,61007.0,0,2
1,0,11,0,1904944.0,61998.0,1,3
0,0,44,0,9569715.0,53377.0,1,2
0,0,5,0,592048.0,78749.0,0,0
0,0,21,2,5875217.0,431.0,0,1
0,1,11,0,1905432.0,26061.0,0,2
0,0,6,2,6643448.0,15925.0,1,1
0,0,21,1,4126524.0,49846.0,1,2
0,0,26,1,4371280.0,54911.0,1,2
0,0,9,3,6715428.0,77578.0,1,1
1,0,4,2,7561208.0,32808.0,0,2
0,1,7,2,3800425.0,20382.0,1,2
0,0,32,2,9976673.0,79857.0,0,1
0,0,43,0,4984722.0,58146.0,0,1
0,0,9,0,1603893.0,66072.0,1,1
0,0,16,2,63986.0,38446.0,1,1
0,0,17,3,2024052.0,38654.0,0,1
0,0,18,0,6910936.0,33614.0,0,1
0,0,12,0,5394377.0,64758.0,0,1
0,0,3,3,3378304.0,18197.0,1,1
0,0,26,3,4813753.0,84274.0,1,2
0,0,18,0,8381248.0,15200.0,0,1
0,0,17,1,5715697.0,39829.0,0,1
1,0,13,2,580963.0,27183.0,0,2
0,0,46,0,490740.0,55514.0,0,1
0,0,30,1,4820504.0,58812.0,0,1
0,0,21,1,4042764.0,79372.0,0,1
0,1,11,2,8505013.0,68188.0,0,2
0,0,40,1,5829782.0,21486.0,1,2
0,0,44,1,7568619.0,17855.0,1,2
0,1,2,1,5851913.0,76598.0,0,2
0,0,46,3,3452791.0,42152.0,1,2
0,0,35,0,6573339.0,8428.0,0,1
0,0,5,0,6214286.0,71277.0,1,1
0,0,37,0,7202160.0,56026.0,0,1
0,0,6,3,1892409.0,2210.0,1,1
0,1,3,3,6415472.0,67637.0,0,2
0,1,6,2,2854699.0,52477.0,1,2
0,0,23,0,7902431.0,53102.0,0,1
0,0,31,3,7985248.0,74730.0,1,2
0,0,20,1,6247606.0,42814.0,0,1
0,0,6,3,9466981.0,39853.0,1,1
0,0,10,1,5375076.0,53339.0,0,1
0,0,42,3,251378.0,17089.0,1,1
0,0,48,3,6061964.0,13104.0,0,1
0,0,37,0,7776965.0,72902.0,1,2
0,1,6,2,1011933.0,18626.0,1,2
0,1,41,1,1046005.0,43575.0,1,3
0,0,34,1,2731565.0,23320.0,0,1
0,0,26,1,8442469.0,19912.0,0,1
0,0,8,2,5273997.0,51648.0,0,1
0,0,49,1,9764398.0,69324.0,1,2
0,0,22,2,8729872.0,38180.0,1,2
0,1,3,2,5548337.0,11986.0,0,2
0,1,11,3,6790515.0,21123.0,1,3
0,0,20,3,3310018.0,14219.0,0,1
0,0,4,0,904080.0,76274.0,1,1
1,1,16,3,3987377.0,27608.0,0,3
0,0,23,0,5922749.0,32307.0,0,1
0,1,47,2,1821925.0,6138.0,0,2
0,1,5,1,2217379.0,38537.0,0,2
0,1,29,2,149941.0,78963.0,0,2
1,0,45,2,7340165.0,35398.0,0,2
0,0,40,3,8994291.0,56267.0,0,1
0,0,46,1,8274408.0,15720.0,0,1
1,0,9,3,3799970.0,12350.0,1,2
0,0,40,1,5934562.0,63212.0,0,1
0,0,48,0,9608041.0,5680.0,0,1
0,0,16,1,5913626.0,38747.0,1,2
0,1,25,2,2958875.0,27363.0,1,3
0,0,27,2,3385914.0,1405.0,0,1
0,0,25,3,7271322.0,45896.0,1,2
0,0,15,0,4462500.0,83290.0,1,2
0,1,48,1,8373056.0,5975.0,1,3
0,0,47,3,8641083.0,70482.0,0,1
0,0,19,1,358337.0,46585.0,0,1
0,1,40,0,7233203.0,62515.0,0,2
0,0,20,3,3699594.0,8342.0,1,2
0,1,39,1,5197536.0,75089.0,1,3
0,0,29,3,2647937.0,987.0,1,2
0,0,24,3,3682323.0,78348.0,1,2
0,1,7,3,3303802.0,56834.0,0,2
0,1,33,2,503797.0,29159.0,0,2
0,0,16,3,7827713.0,614.0,1,2
0,1,11,3,1430074.0,52787.0,1,3
0,0,10,1,3757983.0,7555.0,0,1
0,0,49,0,1930251.0,52601.0,0,1
0,0,6,1,1606094.0,66799.0,1,1
0,0,40,2,3733835.0,23095.0,0,1
0,0,43,2,9187658.0,20626.0,0,1
0,0,2,0,9441436.0,19177.0,1,1
0,0,29,2,3817002.0,19426.0,0,1
0,1,29,0,5051533.0,9842.0,0,2
0,0,18,2,9856986.0,21574.0,1,2
0,1,33,2,2348401.0,56965.0,0,2
0,0,21,2,9447074.0,26138.0,1,2
0,0,22,1,1057501.0,67471.0,0,1
0,0,22,1,2258541.0,70786.0,0,1
0,0,40,2,3383055.0,65746.0,0,1
0,1,32,2,370842.0,46615.0,1,2
0,0,19,3,8157306.0,27326.0,0,1
0,1,46,1,8554159.0,80342.0,1,3
0,0,40,1,3833427.0,17735.0,0,1
0,1,46,1,8363859.0,40134.0,0,2
0,0,36,2,7725058.0,39192.0,1,2
0,0,20,0,8014055.0,64419.0,1,2
0,1,38,1,8027049.0,47245.0,1,3
0,0,17,0,5734822.0,69078.0,0,1
0,0,14,2,1108207.0,79409.0,0,1
1,1,23,3,9234864.0,33750.0,1,3
0,1,48,3,6086597.0,75584.0,0,2
0,0,28,1,9012642.0,14661.0,0,1
1,1,19,0,9590960.0,79147.0,1,3
0,0,23,0,1871625.0,15379.0,1,2
0,0,15,0,4021380.0,73462.0,0,1
0,0,33,3,1924939.0,33717.0,1,2
0,0,18,3,509440.0,83339.0,1,1
0,0,28,2,9664064.0,11163.0,0,1
0,0,19,0,9233026.0,40219.0,1,2
0,1,16,0,9317420.0,77922.0,1,3
1,1,48,3,8836662.0,4102.0,0,3
0,0,17,1,6487736.0,22898.0,0,1
0,0,4,0,5221414.0,7220.0,0,1
0,0,19,0,9914739.0,27758.0,1,2
0,0,27,1,5522531.0,33720.0,0,1
0,0,5,2,6424313.0,53472.0,0,1
0,1,15,3,2117411.0,22264.0,0,2
0,0,9,1,7467081.0,13711.0,0,1
0,0,25,2,8194507.0,14683.0,0,1
0,0,36,0,6785277.0,81078.0,1,2
0,1,48,0,4986000.0,82356.0,1,3
0,0,20,0,1978680.0,19130.0,0,1
0,0,43,3,338777.0,16885.0,0,1
1,0,11,2,6273102.0,4683.0,0,2
0,0,39,3,6830149.0,82890.0,1,2
0,1,28,0,7726153.0,61011.0,1,3
0,0,38,0,9504962.0,65736.0,1,2
0,0,38,3,4973612.0,25106.0,1,2
0,0,27,0,8291504.0,55378.0,0,1
0,0,13,0,7162911.0,5168.0,0,1
0,0,26,2,2771981.0,58408.0,0,1
0,1,41,2,8451206.0,50082.0,1,3
0,0,48,0,533250.0,28640.0,0,1
0,0,46,1,5988900.0,61384.0,0,1
0,0,9,2,9403514.0,55851.0,1,1
0,0,30,1,6589632.0,37930.0,1,2
0,0,6,1,9370627.0,16131.0,0,1
0,0,33,0,561583.0,2037.0,1,1
0,1,49,1,5324153.0,81017.0,1,3
0,0,3,3,7806122.0,24310.0,1,1
0,1,33,2,6423174.0,26075.0,1,3
0,0,47,3,8805364.0,58844.0,0,1
0,0,42,0,4626000.0,22048.0,1,2
0,0,20,0,6826030.0,32465.0,1,2
0,0,6,2,4197653.0,61444.0,1,1
0,0,46,0,8721197.0,51440.0,1,2
0,0,46,2,1194484.0,56717.0,1,2
0,1,29,3,2541198.0,404.0,1,3
0,1,48,1,967528.0,38992.0,1,2
0,1,1,2,7021003.0,41063.0,1,2
0,0,31,2,2327321.0,54643.0,1,2
0,0,2,0,3171376.0,13086.0,0,1
0,1,46,3,8366407.0,13781.0,1,3
1,1,34,0,3601827.0,65874.0,0,3
0,1,45,3,1458323.0,58175.0,1,3
1,1,28,2,209705.0,70086.0,1,3
0,0,5,0,2266986.0,23381.0,1,1
0,0,2,2,9146853.0,86192.0,1,1
0,0,17,0,5486140.0,23573.0,0,1
0,1,37,2,9948328.0,56243.0,0,2
0,1,8,3,2151312.0,14013.0,1,2
0,0,42,3,3514790.0,79358.0,1,2
0,0,12,3,1632066.0,28718.0,1,2
0,0,25,1,5633162.0,69334.0,1,2
0,0,10,2,8081289.0,28620.0,1,1
0,0,23,1,3680932.0,68329.0,0,1
0,0,23,3,7715312.0,39241.0,0,1
0,0,1,1,6261592.0,5400.0,1,1
0,0,28,3,2918123.0,16453.0,1,2
0,0,39,1,9122053.0,59049.0,1,2
0,0,46,2,4342452.0,16676.0,1,2
0,0,17,0,1509931.0,23788.0,1,2
0,1,44,2,9626989.0,46806.0,1,3
0,0,44,0,9134336.0,21864.0,1,2
0,0,49,0,495414.0,11135.0,0,1
0,1,19,1,9024899.0,53939.0,1,3
0,1,42,1,9473776.0,59521.0,1,3
0,1,28,2,8290875.0,63335.0,0,2
0,0,3,1,2549966.0,81557.0,1,1
0,0,14,0,6312859.0,10757.0,1,2
0,0,33,1,5382408.0,36875.0,1,2
0,0,8,1,6201466.0,20217.0,0,1
0,0,22,2,6164439.0,77855.0,1,2
0,1,38,2,6392126.0,46638.0,0,2
0,1,8,0,5140008.0,8495.0,1,2
0,0,25,2,6904955.0,59801.0,1,2
0,0,11,2,5266065.0,3712.0,1,2
0,0,27,3,164822.0,23689.0,1,1
0,0,12,2,352819.0,62326.0,0,1
0,0,48,3,9580925.0,43719.0,1,2
0,0,4,0,9092504.0,65752.0,1,1
0,0,48,2,5856037.0,49351.0,0,1
0,0,39,0,1745895.0,72840.0,0,1
0,0,42,0,7814658.0,48606.0,0,1
0,0,42,3,1432903.0,4909.0,1,2
0,0,10,1,3772818.0,6157.0,1,1
0,0,46,2,3298598.0,67124.0,1,2
0,0,30,2,123972.0,3336.0,1,1
0,0,48,2,8070102.0,32533.0,0,1
0,0,44,0,5097346.0,1392.0,1,2
0,0,29,0,3162527.0,26209.0,0,1
0,0,19,0,5071901.0,51420.0,0,1
0,1,6,3,8.0,14950.0,0,1
0,0,5,0,4369892.0,40271.0,0,1
0,1,20,2,5195807.0,86055.0,1,3
0,1,40,1,3397170.0,6091.0,1,3
0,0,25,0,8303806.0,5501.0,1,2
0,1,24,1,2498260.0,23436.0,0,2
0,0,12,0,1378246.0,71453.0,0,1
0,0,28,0,5275448.0,35061.0,0,1
0,0,32,0,8872767.0,55252.0,1,2
0,0,49,3,3752781.0,2927.0,0,1
0,1,36,2,466251.0,63511.0,0,2
0,0,30,3,9699318.0,5826.0,1,2
0,0,45,1,4442976.0,61492.0,1,2
0,0,21,0,1729273.0,12781.0,1,2
0,1,46,2,6156149.0,74168.0,0,2
0,0,19,3,3196655.0,25586.0,1,2
0,0,7,2,9377916.0,15880.0,0,1
0,0,21,0,2939604.0,29091.0,1,2
0,0,7,1,5501356.0,72.0,0,1
0,0,6,3,5433091.0,14267.0,1,1
0,0,44,2,2424413.0,51713.0,1,2
0,1,39,3,4992802.0,25988.0,1,3
0,1,11,2,1090719.0,30574.0,0,2
0,1,42,0,6437404.0,69744.0,0,2
0,0,4,3,7583180.0,10696.0,1,1
0,0,14,3,9500017.0,34205.0,1,2
0,0,35,2,3257804.0,16083.0,0,1
0,1,15,3,2852210.0,41718.0,0,2
0,0,36,0,5488091.0,28663.0,0,1
0,1,43,3,6927715.0,3995.0,0,2
0,0,4,0,9924645.0,6069.0,0,1
0,0,2,3,250402.0,73641.0,0,0
0,0,47,0,2383053.0,4918.0,0,1
0,0,26,2,2623884.0,67626.0,0,1
0,0,25,3,2553819.0,79144.0,1,2
0,1,23,0,4637197.0,40246.0,0,2
0,1,22,0,8729101.0,26966.0,0,2
0,0,34,3,309947.0,67074.0,0,1
0,0,29,0,8158415.0,84864.0,1,2
0,0,9,2,6176694.0,10405.0,0,1
0,0,31,3,6151999.0,83321.0,0,1
0,0,33,2,6783106.0,81538.0,0,1
0,0,6,1,1154085.0,12319.0,0,1
0,0,19,1,7467317.0,4730.0,0,1
0,0,39,2,2481316.0,61769.0,0,1
0,1,31,2,5165745.0,6711.0,1,3
0,0,7,2,6768781.0,51909.0,0,1
0,0,2,0,6039446.0,5595.0,0,1
0,1,29,2,3231249.0,59672.0,1,3
0,0,23,2,3960652.0,20020.0,1,2
0,1,48,2,4765112.0,8311.0,1,3
0,1,26,0,412530.0,5756.0,0,2
0,0,46,2,7260423.0,16292.0,0,1
0,0,11,2,999518.0,46721.0,0,1
0,0,22,0,4585837.0,6622.0,1,2
0,1,7,3,6549959.0,69316.0,0,2
0,0,29,2,803917.0,52197.0,1,1
0,0,10,1,9955552.0,25687.0,1,1
0,0,25,2,3772237.0,85241.0,1,2
0,0,17,2,158032.0,56898.0,0,1
0,0,10,2,6586339.0,58059.0,1,1
0,0,5,1,5575834.0,15029.0,0,1
0,0,26,3,6403321.0,61410.0,1,2
0,0,47,3,7510087.0,48314.0,1,2
0,0,10,0,4756337.0,85068.0,1,1
0,0,20,2,8267748.0,41299.0,0,1
0,0,12,0,3701499.0,58580.0,1,2
0,0,40,1,5452049.0,29474.0,0,1
0,1,21,3,1585156.0,3472.0,0,2
0,0,48,0,6199159.0,11052.0,0,1
0,1,13,1,2615968.0,74909.0,1,3
0,0,4,0,6967249.0,63773.0,1,1
0,1,29,2,8010545.0,31508.0,0,2
0,0,32,1,8589662.0,60292.0,1,2
0,0,49,2,9290819.0,378.0,1,2
0,0,43,3,1222895.0,3213.0,0,1
0,0,44,2,1379914.0,43825.0,1,2
1,0,32,2,9261821.0,53997.0,1,3
0,0,18,0,3808277.0,80958.0,0,1
0,0,22,0,260174.0,65634.0,0,1
0,0,7,3,2869898.0,22234.0,1,1
0,1,22,3,8361997.0,70427.0,0,2
0,0,18,2,3549897.0,42467.0,1,2
0,0,2,1,767404.0,71369.0,0,0
0,0,11,0,7221092.0,15015.0,0,1
0,0,27,3,1946282.0,2266.0,0,1
1,0,19,3,3528017.0,4985.0,1,3
0,0,49,0,38941.0,85612.0,1,1
0,0,24,2,6019972.0,6960.0,1,2
0,0,47,2,4452567.0,81160.0,0,1
0,0,33,1,8670493.0,62814.0,1,2
0,1,2,3,3343592.0,12618.0,1,2
0,0,10,0,2046051.0,74656.0,0,1
0,0,35,1,1659929.0,12460.0,1,2
0,0,27,0,2001587.0,12381.0,0,1
0,1,15,2,4510901.0,49725.0,1,3
0,0,26,2,871664.0,24911.0,1,1
0,0,45,3,4023708.0,25127.0,0,1
0,1,20,2,8546817.0,16851.0,0,2
0,0,3,0,7676610.0,52503.0,1,1
0,1,16,1,6372598.0,2321.0,0,2
0,0,46,0,8931303.0,21175.0,0,1
0,1,38,2,7802150.0,47816.0,0,2
0,0,42,2,6525672.0,42037.0,1,2
0,0,45,3,8630672.0,60473.0,0,1
0,0,6,1,1244103.0,18684.0,0,1
0,0,14,1,8182583.0,55976.0,1,2
0,0,3,0,2953907.0,65659.0,0,1
0,1,1,1,7330627.0,33528.0,1,2
0,0,41,1,9133182.0,22189.0,1,2
0,1,46,3,4960250.0,47953.0,1,3
0,0,8,3,887344.0,50014.0,0,0
0,1,36,0,3702284.0,8131.0,1,3
0,0,27,1,4068558.0,48826.0,1,2
0,0,4,2,9367349.0,13332.0,0,1
0,0,45,1,9425046.0,49146.0,0,1
0,0,43,0,5684659.0,80507.0,0,1
0,1,28,3,9506648.0,46403.0,0,2
0,1,35,2,4362907.0,65794.0,0,2
0,1,20,2,4112031.0,26759.0,0,2
0,0,39,1,8365065.0,79724.0,0,1
0,1,22,3,6673968.0,70222.0,0,2
0,0,49,0,5223770.0,79201.0,0,1
0,0,4,1,4567455.0,64074.0,1,1
0,0,9,3,7056063.0,56107.0,0,1
0,0,48,3,7534605.0,45360.0,0,1
0,0,15,1,4905899.0,80199.0,0,1
0,0,16,2,315813.0,73283.0,0,1
0,0,39,0,1018366.0,36003.0,0,1
0,0,10,0,1441571.0,7401.0,0,1
0,0,26,1,4620880.0,313.0,1,2
1,1,15,3,6141988.0,20173.0,1,3
0,1,10,2,8037675.0,5407.0,1,2
0,0,48,1,2325522.0,18274.0,1,2
0,1,10,1,7865979.0,9460.0,1,2
0,1,5,0,6660522.0,84762.0,0,2
0,1,34,1,516570.0,8239.0,1,2
1,0,43,0,3512229.0,54163.0,1,3
0,0,7,0,3026603.0,30387.0,1,1
0,0,35,2,8866455.0,15053.0,1,2
0,0,27,0,9211968.0,60590.0,0,1
0,0,41,0,8192593.0,83855.0,1,2
0,0,7,2,5280064.0,68312.0,1,1
0,0,48,1,4928377.0,84260.0,0,1
0,0,31,1,3114861.0,50994.0,0,1
0,0,42,0,7728950.0,58197.0,1,2
0,1,18,0,862820.0,12652.0,0,2
0,0,47,1,2711378.0,73648.0,0,1
0,1,31,2,1352093.0,64618.0,0,2
0,0,7,1,4942597.0,21948.0,1,1
0,0,46,2,2997559.0,30655.0,0,1
0,1,39,2,1974820.0,52781.0,0,2
0,1,15,1,3764137.0,1123.0,0,2
0,0,27,1,8608861.0,70667.0,0,1
0,0,20,1,5580099.0,24243.0,1,2
0,0,27,0,8230676.0,6478.0,1,2
0,0,48,2,9139047.0,28564.0,1,2
0,0,45,2,9021496.0,72210.0,1,2
0,0,11,1,3510003.0,23695.0,1,2
0,0,48,1,8774769.0,46586.0,0,1
0,0,22,1,9093760.0,70145.0,1,2
0,0,35,2,9595962.0,2913.0,0,1
0,0,38,3,3510028.0,65657.0,1,2
0,0,24,0,2283362.0,24943.0,1,2
0,0,23,1,5842738.0,60095.0,0,1
0,0,23,0,9318242.0,16251.0,1,2
0,1,43,1,9006200.0,12010.0,1,3
0,1,19,0,5712131.0,68109.0,0,2
0,1,14,1,1492390.0,69797.0,1,3
0,1,18,1,4224950.0,84786.0,0,2
0,0,10,1,7141211.0,58508.0,0,1
0,1,20,1,5603738.0,40252.0,0,2
0,0,6,3,3454717.0,16834.0,0,1
0,0,5,3,3426023.0,25507.0,1,1
0,0,36,0,597498.0,55995.0,1,1
0,0,4,1,2885530.0,29903.0,1,1
0,0,28,3,6693769.0,41775.0,1,2
0,1,39,2,2413143.0,14521.0,1,3
0,0,36,0,9933924.0,37960.0,0,1
0,0,22,2,824279.0,20561.0,0,1
0,0,10,0,5887738.0,9688.0,1,1
0,1,46,0,4965648.0,11401.0,1,3
0,1,41,2,8333042.0,44781.0,0,2
0,0,30,2,8877616.0,31659.0,1,2
1,0,5,3,5434793.0,8635.0,0,2
0,0,2,1,6301519.0,44435.0,0,1
0,1,16,3,6989536.0,14192.0,0,2
0,1,8,1,5209756.0,1335.0,0,2
0,0,43,2,1848879.0,11452.0,0,1
0,0,11,0,4285929.0,38753.0,1,2
0,0,14,0,2415525.0,82435.0,1,2
0,1,48,3,4644016.0,20881.0,1,3
0,1,41,3,6151543.0,24613.0,0,2
0,0,11,3,2092773.0,20966.0,1,2
0,0,19,1,2494251.0,30690.0,1,2
0,0,26,0,8229358.0,61977.0,0,1
0,0,33,3,3777320.0,27828.0,0,1
0,0,46,2,1983829.0,56814.0,0,1
0,0,43,0,7131737.0,77608.0,1,2
0,1,48,3,7166227.0,81750.0,1,3
0,1,2,3,8261596.0,48640.0,1,2
0,1,12,1,7599850.0,61624.0,1,3
0,0,28,3,9919681.0,79415.0,1,2
0,1,3,3,5748690.0,67970.0,0,2
0,1,18,2,2868219.0,25914.0,1,3
0,0,8,2,8629263.0,11408.0,0,1
0,1,46,1,2648155.0,9922.0,1,3
0,0,4,3,2910503.0,76209.0,1,1
0,0,8,3,8284943.0,48057.0,1,1
0,0,10,3,8816172.0,25605.0,0,1
0,0,8,2,3393410.0,29855.0,1,1
0,1,28,0,7294104.0,24338.0,1,3
1,0,18,1,9223953.0,69284.0,1,3
0,0,45,1,7987498.0,52912.0,1,2
0,0,13,3,49939.0,75982.0,0,1
0,0,27,2,6645797.0,26073.0,0,1
0,0,33,2,1698913.0,40830.0,0,1
0,1,31,0,8463430.0,10518.0,1,3
0,0,40,3,670402.0,83925.0,0,1
0,0,10,1,9930988.0,44225.0,1,1
0,0,25,0,1773287.0,47780.0,0,1
0,1,40,3,4201628.0,35741.0,1,3
0,1,43,0,2340849.0,23408.0,0,2
0,0,31,0,8139156.0,81942.0,1,2
0,1,32,0,3934991.0,42247.0,0,2
0,0,43,1,7445797.0,58300.0,0,1
0,0,31,0,672181.0,3224.0,1,1
0,0,47,3,4528701.0,23841.0,0,1
0,0,7,2,9110519.0,69465.0,0,1
0,0,18,1,9269489.0,7589.0,0,1
0,1,6,0,2086935.0,8764.0,1,2
1,0,5,1,3944259.0,69970.0,0,2
0,1,24,0,4091145.0,26676.0,0,2
0,0,12,3,5654659.0,23663.0,1,2
1,0,20,1,5373370.0,48843.0,1,3
0,1,22,1,1059423.0,16842.0,0,2
0,0,31,0,7626668.0,3714.0,0,1
0,0,47,0,2257751.0,385.0,0,1
0,1,42,0,3149409.0,6853.0,0,2
0,0,19,0,8406961.0,13697.0,1,2
0,0,16,2,6896523.0,60144.0,0,1
0,0,38,3,3965527.0,25743.0,1,2
0,1,7,3,9124739.0,6202.0,1,2
0,0,27,1,3940840.0,1247.0,0,1
0,0,21,3,5654953.0,41220.0,0,1
0,0,9,2,2459810.0,72587.0,0,1
0,0,31,0,1831939.0,29263.0,1,2
0,0,16,0,4916103.0,5517.0,1,2
0,0,10,2,5630193.0,19706.0,0,1
0,0,33,1,8058169.0,43145.0,0,1
0,0,9,0,3909041.0,16311.0,1,1
0,0,33,3,8951641.0,84540.0,0,1
0,0,8,2,6073843.0,65958.0,0,1
0,0,22,2,701144.0,29772.0,0,1
0,1,40,3,7391015.0,82213.0,1,3
0,1,12,3,5748207.0,28082.0,1,3
0,0,38,3,3893535.0,12112.0,0,1
0,1,36,1,4672733.0,81067.0,0,2
0,0,45,3,3017912.0,82916.0,0,1
0,0,9,2,6142818.0,27014.0,1,1
0,0,36,2,5669514.0,51387.0,0,1
0,0,46,3,4472756.0,14973.0,0,1
0,1,38,0,2851970.0,55439.0,0,2
0,0,10,1,3986448.0,59626.0,1,1
0,0,41,0,4978378.0,61337.0,0,1
0,0,6,1,4718807.0,49139.0,1,1
0,0,29,1,3092919.0,60836.0,1,2
0,1,25,3,5819991.0,47956.0,1,3
0,0,27,3,2265480.0,70831.0,0,1
0,0,26,1,5009832.0,15517.0,0,1
0,0,2,1,1215495.0,41772.0,0,1
0,0,25,2,4721444.0,35977.0,0,1
0,0,46,3,7839800.0,46082.0,1,2
0,0,22,3,8178353.0,12276.0,0,1
0,1,14,0,6946936.0,27979.0,0,2
0,0,49,0,7456479.0,82437.0,1,2
0,0,5,2,659498.0,9095.0,0,0
0,0,24,1,3413784.0,54890.0,0,1
0,0,26,0,6542503.0,57425.0,1,2
0,0,24,0,8005771.0,40998.0,1,2
0,0,46,1,5828490.0,2904.0,1,2
0,0,21,1,8536506.0,2969.0,0,1
1,0,48,2,2730639.0,23815.0,1,3
0,0,4,0,1534922.0,8858.0,1,1
0,0,36,2,863805.0,8142.0,0,1
0,1,30,2,5826824.0,13835.0,0,2
0,1,12,1,6651845.0,16479.0,1,3
0,0,12,0,2853119.0,72444.0,0,1
0,0,36,2,7836572.0,55186.0,0,1
1,0,32,2,7391723.0,2628.0,1,3
0,0,30,1,3601335.0,54300.0,1,2
0,1,3,1,2387853.0,11812.0,0,2
0,0,30,2,7423173.0,36379.0,1,2
0,0,49,1,6714035.0,3288.0,1,2
0,0,1,1,1707860.0,7791.0,1,1
0,0,23,1,2551246.0,11457.0,0,1
0,0,25,1,4859666.0,37444.0,0,1
0,0,44,2,5111437.0,40010.0,1,2
0,1,14,1,1659587.0,30477.0,0,2
0,0,24,1,9486464.0,53583.0,1,2
0,0,36,2,3886488.0,62247.0,1,2
0,0,3,1,3813075.0,62962.0,0,1
0,0,40,0,605323.0,50028.0,1,1
0,0,41,3,8757384.0,47136.0,1,2
0,1,36,0,2351439.0,42471.0,1,3
0,0,32,2,9869445.0,20558.0,1,2
0,0,37,1,4960172.0,42075.0,1,2
0,0,39,0,8748508.0,873.0,1,2
0,1,45,0,1791218.0,83488.0,1,3
0,0,21,3,1658660.0,31976.0,1,2
0,1,23,1,8011137.0,65344.0,0,2
0,0,32,1,8196582.0,82659.0,0,1
0,1,10,2,5430934.0,42939.0,0,2
0,1,42,0,321493.0,74462.0,1,2
0,1,38,2,9437231.0,41405.0,0,2
0,0,31,1,3933018.0,11430.0,1,2
0,0,15,2,9359844.0,2288.0,0,1
0,1,18,0,8707333.0,11718.0,0,2
0,0,22,3,8514899.0,81432.0,0,1
0,0,33,0,6887522.0,41049.0,1,2
0,0,39,2,6732507.0,27577.0,1,2
0,0,33,2,5327404.0,38540.0,1,2
0,0,46,1,247789.0,22113.0,1,1
0,1,48,0,3878640.0,75215.0,0,2
0,0,35,1,7305413.0,86348.0,1,2
0,1,19,3,8122969.0,7337.0,0,2
0,0,30,3,5595662.0,62095.0,0,1
0,0,21,3,7095584.0,28996.0,1,2
0,1,31,0,217445.0,4093.0,1,2
0,0,40,2,4684053.0,79679.0,0,1
0,0,19,0,5077250.0,5347.0,1,2
0,1,25,2,8924843.0,17790.0,0,2
0,0,3,1,3110517.0,2204.0,1,1
0,1,37,2,2299480.0,40719.0,1,3
0,0,25,2,3523788.0,51807.0,1,2
0,0,23,3,1703915.0,27706.0,1,2
0,0,27,1,5584241.0,6184.0,1,2
0,1,11,1,6428037.0,10036.0,0,2
0,0,30,2,8011198.0,80644.0,1,2
0,0,37,0,9719943.0,69631.0,0,1
0,1,18,0,736053.0,80948.0,0,2
0,0,7,2,2472565.0,45861.0,1,1
0,0,19,3,3007123.0,47179.0,1,2
0,1,10,2,2496703.0,67910.0,0,2
0,0,19,3,8272820.0,53277.0,0,1
0,0,31,0,1394988.0,37709.0,1,2
0,1,6,1,297384.0,25220.0,0,1
0,0,37,2,8605635.0,41948.0,0,1
0,0,12,1,9615183.0,5528.0,0,1
0,0,44,0,2263975.0,16628.0,0,1
0,0,36,0,3328554.0,63716.0,1,2
0,1,14,3,5031785.0,74999.0,1,3
0,0,28,2,5259484.0,8795.0,1,2
0,0,6,1,9908724.0,8373.0,0,1
0,1,5,1,4041535.0,7393.0,1,2
0,1,47,0,121409.0,68392.0,1,2
0,0,40,3,4227568.0,26890.0,0,1
0,0,8,0,5564860.0,28233.0,0,1
0,0,14,3,5168897.0,1078.0,0,1
0,0,10,0,5122890.0,84032.0,1,1
0,0,20,1,9226166.0,37501.0,1,2
0,0,15,1,8074473.0,68899.0,0,1
0,0,17,3,2517076.0,61143.0,0,1
0,0,26,0,3552815.0,12250.0,0,1
0,0,10,1,6675822.0,69236.0,1,1
0,0,44,1,4103413.0,47546.0,0,1
0,0,36,1,4284021.0,52212.0,0,1
0,1,38,0,1679379.0,17308.0,0,2
0,0,9,3,2543685.0,73170.0,1,1
0,0,35,1,7408152.0,80496.0,0,1
0,0,41,1,8429311.0,35122.0,1,2
1,0,9,1,7847089.0,7990.0,1,2
0,0,37,3,3078334.0,73334.0,1,2
0,0,18,1,1366633.0,76670.0,0,1
0,0,39,1,1596946.0,43759.0,0,1
0,0,24,1,3934570.0,50038.0,0,1
0,0,40,1,5177553.0,19271.0,1,2
0,1,8,0,8929049.0,5830.0,1,2
0,0,20,2,8988276.0,81574.0,1,2
0,1,14,0,27072.0,41728.0,1,2
0,0,13,0,7075602.0,23758.0,1,2
0,1,16,0,2987590.0,59895.0,0,2
0,0,19,1,1978020.0,2264.0,1,2
0,0,7,3,5550422.0,6907.0,1,1
0,0,35,2,339131.0,20967.0,0,1
0,0,27,3,3340938.0,38936.0,1,2
0,0,41,1,5522236.0,31682.0,0,1
0,0,35,3,2720451.0,16187.0,0,1
0,0,8,0,5933922.0,30357.0,0,1
0,0,4,2,4600374.0,28850.0,0,1
0,1,21,3,7994074.0,45331.0,0,2
0,0,24,2,1815231.0,48621.0,0,1
0,0,12,3,571030.0,76302.0,1,1
0,1,39,1,5296252.0,69705.0,0,2
0,1,29,0,2568948.0,25258.0,0,2
0,1,37,3,7066959.0,77990.0,1,3
0,0,6,0,932860.0,44995.0,0,0
0,0,40,3,5752949.0,16216.0,0,1
0,0,11,2,9898339.0,29388.0,0,1
0,1,22,3,931093.0,64088.0,1,2
0,0,22,1,3018195.0,71001.0,0,1
0,0,41,3,8444086.0,32324.0,1,2
0,0,14,0,5335646.0,13617.0,0,1
0,0,12,1,1749778.0,16579.0,0,1
0,0,17,0,2131298.0,8944.0,1,2
0,0,18,3,7648120.0,60371.0,1,2
0,0,9,2,8608950.0,43459.0,0,1
0,0,9,3,3605651.0,38982.0,0,1
0,0,12,3,4738328.0,58051.0,1,2
0,0,23,1,7827613.0,71596.0,0,1
0,1,17,0,1769274.0,68733.0,0,2
0,1,20,3,2062729.0,11850.0,1,3
0,0,36,1,7744319.0,50943.0,0,1
0,0,12,0,1866621.0,76249.0,1,2
0,0,45,3,7708116.0,66860.0,1,2
0,0,37,3,4970258.0,28461.0,1,2
0,0,9,1,9900340.0,33930.0,0,1
1,1,16,3,329360.0,76913.0,0,3
0,0,9,0,9459545.0,2840.0,0,1
0,0,14,0,2252973.0,45396.0,0,1
0,0,18,1,350806.0,10031.0,1,1
0,1,7,2,7240122.0,77292.0,1,2
0,0,1,0,5325282.0,3346.0,1,1
0,0,22,0,8373834.0,2021.0,1,2
0,0,35,2,1083537.0,28421.0,1,2
0,0,15,3,807853.0,17295.0,0,1
0,1,43,2,5672491.0,42810.0,0,2
1,0,19,3,8820777.0,25883.0,0,2
0,0,45,3,4057631.0,30786.0,1,2
0,0,12,2,7975172.0,48809.0,0,1
0,0,27,2,9062098.0,48436.0,1,2
0,0,38,3,8696842.0,80778.0,0,1
0,0,3,1,5086685.0,41525.0,1,1
0,0,46,0,6984285.0,48750.0,1,2
0,0,18,3,5256661.0,58574.0,0,1
0,1,25,1,6741530.0,15054.0,0,2
0,0,31,3,5670870.0,57625.0,0,1
0,0,32,1,5250932.0,74469.0,0,1
0,0,2,3,4368082.0,27481.0,0,1
0,0,43,0,6527872.0,15409.0,1,2
0,0,31,2,7510992.0,29913.0,0,1
0,1,49,1,9191096.0,23764.0,0,2
0,0,24,1,6132285.0,50557.0,1,2
0,1,31,1,1005220.0,74626.0,1,3
0,0,22,3,5874786.0,51532.0,0,1
0,1,44,1,3157644.0,10845.0,1,3
0,0,41,3,268131.0,27190.0,0,1
0,0,45,1,724549.0,59557.0,0,1
0,0,25,0,5913020.0,28540.0,0,1
0,1,39,3,9448051.0,50664.0,0,2
0,0,18,0,5055713.0,59965.0,0,1
0,0,23,1,4452654.0,28440.0,1,2
0,1,38,3,886605.0,55936.0,0,2
0,1,4,3,6753444.0,34397.0,0,2
0,1,35,3,554710.0,11669.0,0,2
0,0,1,1,8411200.0,32157.0,0,1
0,0,29,3,8164057.0,38106.0,0,1
0,0,24,1,9910002.0,207.0,1,2
0,0,23,2,2842817.0,77129.0,1,2
0,0,25,2,1617824.0,45610.0,1,2
0,1,25,0,2995348.0,3137.0,0,2
0,0,20,1,7995126.0,74994.0,1,2
0,0,23,1,2188223.0,73886.0,1,2
0,0,28,1,8874228.0,1041.0,1,2
0,1,38,1,1541865.0,14099.0,0,2
0,0,28,2,488753.0,31432.0,1,1
1,0,32,0,2193576.0,43826.0,0,2
0,1,41,0,7540905.0,62706.0,1,3
0,0,49,3,6022796.0,36663.0,0,1
0,1,6,1,3547253.0,52852.0,1,2
0,0,35,2,6560373.0,876.0,0,1
0,0,12,2,6485967.0,56898.0,1,2
0,0,10,2,5547210.0,79090.0,0,1
0,0,39,1,5140481.0,45464.0,1,2
0,1,4,1,1014933.0,39306.0,0,2
0,0,42,3,2597422.0,25671.0,1,2
0,1,38,3,5276972.0,82448.0,1,3
0,0,49,1,1352213.0,2869.0,0,1
0,0,33,2,4758386.0,24775.0,0,1
0,1,43,3,1169472.0,11985.0,1,3
0,0,6,0,7872337.0,74846.0,0,1
0,0,44,3,1033228.0,41697.0,0,1
0,0,8,1,925389.0,79694.0,1,1
0,0,16,3,6377900.0,57469.0,0,1
0,0,7,2,2205320.0,48110.0,0,1
0,0,20,3,3514108.0,44710.0,0,1
0,0,37,0,3142592.0,17512.0,0,1
0,0,14,0,2166334.0,48561.0,0,1
0,0,41,3,7617819.0,59205.0,0,1
0,1,30,2,6918850.0,83405.0,0,2
0,1,31,2,2387766.0,47432.0,0,2
0,0,47,0,6868495.0,81115.0,0,1
1,1,22,0,7134720.0,81607.0,0,3
0,0,17,3,5391682.0,45149.0,0,1
0,0,49,1,5783868.0,37953.0,1,2
0,0,28,2,9349578.0,12330.0,0,1
0,0,31,1,4538794.0,23200.0,1,2
0,1,15,1,3854142.0,75953.0,1,3
0,0,11,0,5390010.0,11948.0,1,2
0,1,9,3,8358629.0,34306.0,1,2
0,0,11,3,7095866.0,60362.0,0,1
0,0,10,0,751394.0,20790.0,1,1
0,0,37,1,4592775.0,84163.0,0,1
1,0,3,2,7398310.0,56115.0,1,2
0,0,31,1,2239175.0,2449.0,0,1
0,0,47,2,9884474.0,21356.0,0,1
0,0,38,1,8081081.0,63974.0,0,1
0,0,20,0,8465982.0,74579.0,0,1
0,0,3,1,817249.0,80086.0,0,0
0,0,41,2,5796647.0,73541.0,1,2
0,0,1,0,5277875.0,6462.0,0,1
0,0,34,3,6267660.0,63045.0,1,2
0,0,33,0,8502617.0,9519.0,0,1
0,0,10,0,3532895.0,6614.0,1,1
0,0,37,2,5339788.0,59785.0,0,1
0,0,9,2,6794852.0,41314.0,0,1
0,0,12,1,7531882.0,55984.0,0,1
0,0,40,1,7703953.0,73568.0,1,2
0,1,48,0,3369362.0,5947.0,1,3
0,1,13,2,9982284.0,45579.0,0,2
0,1,46,1,96221.0,72094.0,0,2
0,0,45,0,4924629.0,38041.0,1,2
1,0,38,1,6087678.0,45224.0,1,3
0,0,7,3,613040.0,43015.0,0,0
0,0,15,1,4511611.0,78381.0,0,1
0,1,34,3,5958579.0,4311.0,0,2
0,0,49,1,6076132.0,75858.0,1,2
0,0,40,0,1190241.0,70535.0,1,2
0,0,21,1,2775085.0,70200.0,0,1
0,1,12,1,2447650.0,35622.0,0,2
0,0,48,0,6399221.0,44574.0,0,1
0,0,14,2,3287799.0,31880.0,1,2
0,0,17,1,5714522.0,21748.0,0,1
0,0,48,2,7310298.0,75637.0,0,1
0,0,28,1,7972766.0,43716.0,0,1
0,0,13,1,1838081.0,62497.0,0,1
1,0,1,1,9035308.0,8711.0,1,2
0,0,22,0,1657529.0,68163.0,0,1
0,0,49,2,218777.0,56924.0,0,1
0,0,22,0,449642.0,86193.0,1,1
0,0,35,2,2010397.0,11576.0,0,1
0,0,13,3,8732399.0,46659.0,0,1
0,0,39,3,2078827.0,44165.0,1,2
0,0,39,1,6935054.0,46518.0,1,2
0,0,30,1,4184943.0,4699.0,0,1
0,1,38,3,399464.0,40878.0,0,2
0,0,29,1,4441389.0,25878.0,1,2
0,1,19,1,282923.0,53339.0,0,2
0,0,37,3,4761742.0,20052.0,1,2
0,1,41,3,5586742.0,37589.0,1,3
0,0,42,3,5213644.0,53571.0,0,1
0,0,11,0,2825344.0,5534.0,1,2
1,0,34,3,7665699.0,67978.0,0,2
0,0,1,0,5967263.0,61839.0,1,1
0,0,29,2,2547850.0,4951.0,0,1
0,0,28,3,4346041.0,5594.0,0,1
0,0,18,2,1085061.0,73464.0,1,2
0,0,49,3,9233125.0,24480.0,1,2
0,1,44,1,7530498.0,74370.0,0,2
0,0,2,1,2878090.0,43135.0,1,1
0,1,11,1,6749183.0,29572.0,0,2
0,1,11,1,6791453.0,23636.0,0,2
0,1,44,2,6096766.0,56938.0,0,2
0,0,26,1,540543.0,9481.0,0,1
0,0,36,2,8785246.0,34786.0,1,2
0,0,40,1,9558605.0,29882.0,1,2
0,1,38,1,9741422.0,13322.0,1,3
0,0,5,0,9807574.0,30484.0,0,1
0,0,7,2,9288240.0,45676.0,1,1
0,0,20,3,7390746.0,58541.0,0,1
0,0,17,3,568767.0,7462.0,1,1
0,0,37,1,4652124.0,75375.0,1,2
0,0,8,1,2451481.0,75900.0,1,1
0,1,19,2,2199934.0,59787.0,1,3
0,0,12,2,8306171.0,79858.0,0,1
0,0,10,0,8125163.0,36975.0,1,1
0,0,9,2,5220678.0,70987.0,1,1
0,1,10,0,7363540.0,62836.0,0,2
0,0,28,0,1293664.0,48602.0,1,2
0,0,21,2,2219540.0,15510.0,0,1
0,1,22,0,8604762.0,48176.0,0,2
0,0,24,1,4512152.0,77876.0,1,2
0,0,37,2,5466295.0,85070.0,1,2
0,0,43,2,4627989.0,38713.0,0,1
0,0,26,1,2021594.0,21419.0,1,2
0,0,32,0,8264105.0,64584.0,1,2
0,1,37,3,7583024.0,6562.0,0,2
0,0,34,3,6838446.0,13055.0,0,1
0,0,7,3,3531929.0,48552.0,0,1
0,0,49,2,6431675.0,85553.0,1,2
0,1,9,1,9532535.0,28407.0,0,2
0,1,21,3,6498274.0,38303.0,1,3
0,0,32,1,4942712.0,27850.0,1,2
0,1,20,0,2704700.0,38060.0,1,3
0,0,12,3,5228072.0,613.0,0,1
0,1,46,1,3717112.0,51384.0,0,2
0,0,4,3,6112699.0,51515.0,1,1
0,1,13,1,456622.0,27265.0,1,2
0,0,49,3,1901664.0,22813.0,0,1
1,0,36,2,7869411.0,65802.0,1,3
0,0,5,1,3807219.0,16231.0,1,1
0,0,37,1,4329982.0,4067.0,1,2
0,0,48,3,5438985.0,3494.0,0,1
0,0,5,0,4382383.0,76183.0,1,1
0,0,21,1,7586384.0,31481.0,1,2
0,1,23,1,2453562.0,8799.0,1,3
0,0,7,2,7584343.0,75943.0,0,1
0,0,10,1,2094272.0,12841.0,1,1
0,0,9,2,3705959.0,29089.0,0,1
0,0,10,1,5878219.0,1788.0,1,1
0,1,20,0,8859783.0,58672.0,0,2
0,0,23,0,2325530.0,60419.0,0,1
0,0,12,2,5873880.0,65365.0,0,1
0,0,15,1,642088.0,22727.0,0,1
0,0,10,1,754264.0,28348.0,0,0
1,1,40,2,7675074.0,81053.0,0,3
0,0,11,1,7189589.0,70989.0,1,2
0,1,45,1,3764694.0,3211.0,0,2
0,1,27,0,6229772.0,59778.0,1,3
0,0,40,1,3802355.0,70220.0,0,1
0,0,32,2,2772454.0,48318.0,1,2
0,0,14,2,4313182.0,55288.0,0,1
0,0,30,3,3118584.0,86.0,1,2
0,1,14,3,8150448.0,2597.0,0,2
0,0,6,0,4116700.0,3032.0,0,1
0,0,13,1,3208368.0,13736.0,1,2
0,0,14,1,5361532.0,85610.0,1,2
0,0,7,2,7580362.0,54808.0,0,1
0,1,2,1,2736657.0,67589.0,1,2
0,0,47,3,9395448.0,25539.0,0,1
0,0,26,1,4635343.0,81005.0,0,1
0,0,20,2,6608681.0,17187.0,0,1
0,0,46,0,9572423.0,77959.0,1,2
0,0,12,3,4316810.0,2661.0,0,1
0,0,20,3,1998194.0,1767.0,0,1
0,0,42,3,7477897.0,6817.0,0,1
0,0,31,1,66205.0,68415.0,1,1
0,1,20,0,4578973.0,22248.0,0,2
0,0,13,2,9799908.0,38979.0,1,2
1,0,2,1,4144272.0,40721.0,1,2
0,0,5,3,6840933.0,68218.0,1,1
1,1,8,2,5252831.0,30131.0,1,3
0,1,39,2,2146792.0,581.0,0,2
1,0,32,3,3177223.0,33392.0,0,2
0,0,22,3,5235322.0,24901.0,1,2
0,0,39,1,1042502.0,63148.0,0,1
0,1,8,0,4148911.0,64914.0,0,2
0,0,11,0,4148520.0,7946.0,0,1
0,0,20,1,8349113.0,68517.0,1,2
0,1,45,2,1238568.0,6091.0,1,3
0,0,31,0,8426927.0,53543.0,0,1
0,0,42,0,4104414.0,33634.0,1,2
0,1,13,2,6513507.0,26029.0,1,3
0,0,42,3,5569337.0,41747.0,1,2
1,1,4,0,2997832.0,26816.0,1,3
0,0,12,2,9307111.0,68590.0,1,2
0,0,26,0,2244645.0,83528.0,0,1
0,0,3,2,362223.0,70485.0,1,1
0,0,43,3,7501241.0,37948.0,0,1
0,0,43,3,6214584.0,43484.0,0,1
0,0,27,2,8905382.0,38632.0,1,2
0,0,15,2,4577351.0,68562.0,1,2
0,0,5,3,168409.0,47721.0,0,0
0,0,31,2,202611.0,40446.0,1,1
0,0,27,1,4332584.0,35381.0,0,1
0,0,38,3,2495481.0,32404.0,0,1
0,0,30,2,9221801.0,47751.0,0,1
0,0,7,3,1184852.0,59529.0,1,1
0,0,6,2,8808133.0,37354.0,0,1
0,1,39,3,2167941.0,69695.0,0,2
0,0,8,0,1194019.0,71428.0,1,1
0,1,46,0,2745702.0,37072.0,0,2
0,0,6,0,1441409.0,78542.0,1,1
0,0,36,2,4013063.0,14951.0,0,1
0,0,48,2,3304593.0,80534.0,0,1
0,0,22,0,5290393.0,25410.0,1,2
0,1,3,0,5370669.0,48755.0,0,2
0,1,43,3,9899.0,24502.0,0,2
0,1,10,3,1248721.0,38202.0,0,2
0,0,26,2,1618693.0,29381.0,0,1
0,1,49,1,1947241.0,60933.0,0,2
0,0,37,1,935663.0,7015.0,0,1
0,0,3,0,3146349.0,72431.0,1,1
0,0,41,0,5496733.0,78092.0,0,1
0,0,8,3,3088922.0,48642.0,0,1
0,0,37,1,3290748.0,47284.0,0,1
0,0,31,2,4695551.0,60478.0,1,2
0,1,15,2,5483977.0,17200.0,1,3
0,0,21,1,3309670.0,64776.0,1,2
0,0,6,0,2218233.0,18894.0,0,1
0,1,49,2,4093810.0,58440.0,1,3
0,0,12,0,242293.0,26402.0,0,1
0,1,16,1,4925711.0,64466.0,1,3
0,0,25,3,9413669.0,68347.0,0,1
0,0,33,2,3979342.0,18027.0,0,1
1,0,25,3,1083081.0,53346.0,1,3
0,1,25,0,7070803.0,43060.0,0,2
1,0,29,0,1268587.0,25405.0,0,2
0,0,43,1,1465468.0,50826.0,0,1
0,0,20,1,8836657.0,85766.0,1,2
0,0,41,0,9812765.0,215.0,1,2
0,1,39,3,5696388.0,82674.0,1,3
0,0,48,0,6176602.0,73955.0,1,2
0,0,45,2,6454579.0,45738.0,0,1
0,0,40,2,6102899.0,52706.0,0,1
1,1,13,2,5441024.0,31898.0,0,3
0,0,38,0,9866982.0,11158.0,0,1
0,1,37,1,7331322.0,49375.0,0,2
0,0,15,2,884387.0,70533.0,0,1
0,0,34,1,3919420.0,19968.0,0,1
0,0,13,2,9745008.0,61954.0,1,2
0,0,26,0,4036608.0,64631.0,0,1
0,0,40,0,2040131.0,65517.0,1,2
0,0,10,2,8684900.0,29376.0,0,1
0,0,17,2,6230715.0,33873.0,1,2
0,0,39,0,5625707.0,35961.0,1,2
0,1,23,3,4200835.0,73803.0,1,3
0,1,48,0,1243725.0,77798.0,0,2
0,0,1,3,3839518.0,35772.0,0,1
0,1,36,2,4374773.0,83806.0,1,3
0,0,40,3,9312433.0,49292.0,1,2
0,0,45,3,3072709.0,33269.0,0,1
0,0,8,1,1492277.0,56.0,1,1
0,0,49,3,4275280.0,52797.0,0,1
0,0,20,0,9970690.0,55717.0,0,1
0,0,18,1,4822032.0,83668.0,0,1
0,0,18,0,3791250.0,62050.0,1,2
0,0,32,1,6668844.0,2564.0,1,2
0,0,33,3,6487749.0,48998.0,0,1
0,0,24,1,2992857.0,64176.0,1,2
0,0,4,0,9679067.0,42903.0,1,1
0,1,49,1,5929451.0,37096.0,0,2
0,1,11,3,576010.0,69978.0,1,2
0,0,5,2,4075688.0,52822.0,1,1
1,1,30,2,9228643.0,58870.0,1,3
0,0,21,1,3933578.0,40099.0,0,1
0,0,31,1,5678113.0,24026.0,1,2
0,0,43,2,6126279.0,44849.0,0,1
0,0,5,2,7043968.0,82863.0,0,1
0,0,14,3,8723164.0,52071.0,1,2
1,0,26,2,1491841.0,61108.0,1,3
0,0,39,3,5167457.0,10725.0,1,2
0,0,30,3,5333874.0,85357.0,1,2
0,0,19,0,1523955.0,21143.0,1,2
0,0,30,1,6735137.0,83917.0,1,2
0,0,49,1,1181530.0,38514.0,0,1
0,0,24,0,4562473.0,79393.0,1,2
0,0,44,0,3302488.0,77052.0,0,1
1,1,39,3,1549851.0,65264.0,0,3
0,1,15,1,8223200.0,79177.0,1,3
0,0,13,0,2441190.0,52655.0,1,2
0,1,38,1,2552396.0,73334.0,0,2
0,0,11,1,8543927.0,14876.0,1,2
0,1,17,0,8773669.0,6073.0,1,3
0,0,12,0,344709.0,46946.0,0,1
0,1,30,3,2778762.0,69971.0,1,3
0,1,15,3,7088620.0,66128.0,0,2
0,0,33,1,7781389.0,45610.0,1,2
0,0,46,2,9993900.0,45002.0,1,2
1,0,41,3,5546581.0,52690.0,1,3
0,0,47,3,74829.0,75015.0,1,1
0,0,2,0,8736311.0,72733.0,1,1
0,1,23,3,1610456.0,9475.0,1,3
0,0,11,0,1207965.0,51472.0,0,1
0,0,45,0,6741443.0,32913.0,0,1
0,0,35,1,6038166.0,69069.0,0,1
0,0,16,2,599908.0,43715.0,1,1
0,0,28,0,1692824.0,85652.0,1,2
0,1,30,1,5897899.0,37353.0,0,2
0,0,25,1,2553493.0,58675.0,0,1
0,0,24,1,6840001.0,9382.0,1,2
0,0,3,3,4117630.0,80555.0,1,1
0,0,23,1,5881463.0,13265.0,0,1
0,0,18,0,4749564.0,32691.0,1,2
0,1,41,0,3651847.0,72370.0,1,3
0,0,43,0,3424064.0,83585.0,1,2
0,1,37,0,6972822.0,41851.0,1,3
0,1,2,2,5143854.0,41880.0,1,2
0,0,42,1,5942944.0,4210.0,1,2
0,0,20,1,5773091.0,84574.0,1,2
0,0,21,3,2076371.0,1425.0,1,2
0,0,47,2,9132294.0,2254.0,0,1
0,0,43,0,5631355.0,40908.0,0,1
0,0,3,1,7180644.0,314.0,0,1
0,0,18,1,8819072.0,14203.0,1,2
0,0,37,3,9247074.0,54235.0,0,1
0,1,27,1,6668332.0,60923.0,1,3
0,1,13,0,7871156.0,25762.0,0,2
0,0,26,2,4717915.0,68716.0,0,1
0,1,43,1,7377926.0,52507.0,0,2
0,1,11,0,3215841.0,19725.0,1,3
0,1,37,2,7117820.0,61555.0,0,2
0,0,37,0,858862.0,51164.0,1,1
0,0,44,3,9142786.0,70166.0,1,2
0,0,15,3,2446271.0,13344.0,1,2
1,0,11,1,6565635.0,19946.0,0,2
0,1,27,2,111867.0,26230.0,1,2
0,0,27,2,1557155.0,29498.0,1,2
0,0,21,2,9866259.0,76792.0,0,1
0,0,39,0,8333648.0,63291.0,0,1
0,0,40,1,2224822.0,47010.0,1,2
0,0,13,0,1308464.0,46695.0,1,2
0,0,39,2,8148759.0,76540.0,0,1
0,0,12,0,9901688.0,38603.0,0,1
0,0,20,2,1686448.0,19462.0,0,1
1,0,2,2,6639436.0,11828.0,1,2
0,1,17,3,2836011.0,28514.0,0,2
0,0,47,1,7443871.0,56444.0,0,1
0,0,22,0,4182773.0,40690.0,0,1
0,0,35,2,1253539.0,36442.0,0,1
0,0,6,0,3244056.0,41479.0,0,1
0,1,32,0,5386230.0,84229.0,0,2
0,0,19,3,7983508.0,86196.0,1,2
0,1,37,3,210270.0,13936.0,1,2
0,0,46,2,9576934.0,9888.0,0,1
0,1,27,3,6496014.0,21108.0,0,2
0,0,6,0,8752944.0,73609.0,0,1
0,1,24,0,9300537.0,39702.0,1,3
0,0,7,1,1535778.0,74622.0,0,1
0,0,23,0,937306.0,55879.0,0,1
0,0,3,3,7766886.0,47796.0,1,1
0,1,32,0,1878831.0,24323.0,0,2
0,0,16,2,1479469.0,29725.0,0,1
1,1,10,3,4685166.0,12763.0,0,3
0,1,1,2,9133811.0,44861.0,0,2
1,0,44,0,7956060.0,24225.0,1,3
0,0,42,1,5178785.0,25269.0,1,2
0,0,40,2,1964517.0,3417.0,0,1
0,1,3,3,3363810.0,69043.0,0,2
0,0,18,1,6884936.0,81152.0,0,1
0,1,48,1,1570254.0,43051.0,1,3
0,0,29,3,5244050.0,46313.0,0,1
0,0,7,3,118090.0,79992.0,0,0
0,0,7,1,3250849.0,44192.0,1,1
0,0,13,0,2479469.0,53800.0,0,1
0,0,48,2,6810852.0,36988.0,0,1
0,1,9,3,9140200.0,44437.0,0,2
0,1,45,3,1464811.0,45089.0,1,3
0,0,34,1,7972621.0,61436.0,1,2
0,0,46,0,6559221.0,52202.0,1,2
0,0,41,2,9697937.0,43540.0,0,1
0,0,17,3,9115106.0,6553.0,1,2
0,0,41,3,1007615.0,78149.0,1,2
0,0,9,0,7432230.0,76747.0,0,1
0,0,15,1,5921787.0,15936.0,0,1
0,0,11,1,1130831.0,25342.0,0,1
0,1,7,0,2571504.0,84097.0,1,2
1,0,5,3,9269443.0,27740.0,0,2
0,0,10,0,5429417.0,70173.0,0,1
0,1,6,2,3384624.0,67888.0,1,2
0,1,19,3,3204548.0,74367.0,0,2
0,1,4,2,8378658.0,1383.0,1,2
0,1,4,3,2834655.0,41723.0,0,2
0,0,49,1,1588889.0,48860.0,0,1
0,0,5,3,5738453.0,72334.0,1,1
0,0,4,1,9925101.0,19394.0,1,1
0,0,2,0,1833181.0,26505.0,0,1
0,1,7,1,2553194.0,15544.0,1,2
0,1,26,1,4691334.0,65832.0,1,3
0,0,41,2,1998135.0,86302.0,0,1
0,0,37,1,6508122.0,12135.0,1,2
0,0,29,1,2536224.0,20141.0,0,1
0,0,5,1,1281820.0,26529.0,1,1
0,0,38,1,2612684.0,76812.0,0,1
0,1,2,2,9305942.0,38511.0,0,2
0,1,31,1,9348951.0,24359.0,1,3
0,1,21,3,5057246.0,27849.0,1,3
0,0,44,1,4004576.0,51677.0,0,1
0,0,16,3,8195279.0,33438.0,1,2
0,1,32,1,1942639.0,12132.0,0,2
0,0,22,0,6539054.0,70857.0,1,2
0,1,26,0,6800516.0,36481.0,1,3
0,0,47,3,7100009.0,22177.0,1,2
0,1,35,3,2179453.0,62936.0,1,3
0,0,21,0,7161309.0,64392.0,1,2
0,0,22,2,6119916.0,13395.0,1,2
0,0,35,2,8750998.0,6369.0,1,2
0,0,17,0,1743916.0,3924.0,0,1
0,0,9,1,6136054.0,66160.0,1,1
0,0,23,2,8296388.0,54064.0,1,2
0,1,4,3,2782171.0,68431.0,0,2
0,1,9,3,7437785.0,54121.0,1,2
0,0,21,0,995096.0,34707.0,1,1
0,0,40,0,7180992.0,50938.0,0,1
0,0,39,1,6062506.0,62422.0,0,1
0,0,13,0,1925515.0,34460.0,0,1
1,0,21,2,663528.0,79068.0,1,2
0,0,8,0,7454885.0,77726.0,1,1
0,0,38,0,2412934.0,69181.0,1,2
0,0,13,0,4974458.0,85731.0,1,2
0,0,40,1,607071.0,33735.0,0,1
0,0,42,3,9634949.0,9859.0,1,2
0,0,34,0,5488875.0,41836.0,0,1
0,0,17,3,9315801.0,64445.0,0,1
0,0,47,1,1603381.0,67336.0,0,1
0,0,34,0,2057931.0,33568.0,1,2
0,1,32,1,6104073.0,25280.0,0,2
0,1,42,2,6044950.0,38489.0,0,2
1,1,44,0,7908651.0,69455.0,0,3
0,0,4,0,9280569.0,5236.0,0,1
0,0,44,3,8218807.0,28346.0,1,2
0,0,38,2,1402198.0,19862.0,1,2
0,0,11,1,3095435.0,69637.0,1,2
0,0,16,3,9138231.0,40578.0,1,2
0,0,37,3,5489545.0,7500.0,1,2
0,0,11,1,8670140.0,22619.0,1,2
0,1,23,2,5630107.0,3836.0,0,2
0,0,34,0,497405.0,41088.0,1,1
0,0,32,1,4728871.0,86199.0,1,2
0,1,45,2,8246600.0,49009.0,1,3
0,0,6,0,6551138.0,75121.0,0,1
0,0,15,3,1327793.0,64160.0,0,1
0,0,49,3,2100871.0,76278.0,1,2
0,0,28,1,8543740.0,26872.0,1,2
0,1,13,1,9792432.0,82190.0,0,2
0,0,15,0,7528899.0,20619.0,1,2
0,1,17,2,980798.0,37871.0,0,2
0,1,28,0,6191953.0,58862.0,1,3
0,0,14,1,8292211.0,24783.0,0,1
0,0,31,2,6401947.0,22849.0,0,1
